PassengerId,Name
1,Amanda Minaj
2,Amanda Minaj
3,Smith Jonas
4,Smith Jonas
5,Jones Drake
6,Amanda Minaj
7,Jones Drake
8,Brown Munde
9,Brown Munde
10,Williams Obama
11,Salena Bieber
12,Jones Drake
13,Brown Munde
14,Johnson Swift
15,Smith Jonas
16,Salena Bieber
17,Williams Obama
18,Jones Drake
19,Brown Munde
20,Amanda Minaj
21,Amanda Minaj
22,Johnson Swift
23,Smith Jonas
24,Brown Munde
25,Salena Bieber
26,Johnson Swift
27,Jones Drake
28,Johnson Swift
29,Amanda Minaj
30,Smith Jonas
31,Amanda Minaj
32,Amanda Minaj
33,Smith Jonas
34,Brown Munde
35,Salena Bieber
36,Jones Drake
37,Salena Bieber
38,Amanda Minaj
39,Amanda Minaj
40,Amanda Minaj
41,Williams Obama
42,Jones Drake
43,Williams Obama
44,Salena Bieber
45,Williams Obama
46,Salena Bieber
47,Brown Munde
48,Jones Drake
49,Jones Drake
50,Brown Munde
51,Smith Jonas
52,Amanda Minaj
53,Johnson Swift
54,Salena Bieber
55,Amanda Minaj
56,Jones Drake
57,Johnson Swift
58,Salena Bieber
59,Salena Bieber
60,Brown Munde
61,Jones Drake
62,Johnson Swift
63,Williams Obama
64,Amanda Minaj
65,Johnson Swift
66,Williams Obama
67,Jones Drake
68,Johnson Swift
69,Williams Obama
70,Smith Jonas
71,Smith Jonas
72,Amanda Minaj
73,Johnson Swift
74,Johnson Swift
75,Jones Drake
76,Johnson Swift
77,Brown Munde
78,Williams Obama
79,Amanda Minaj
80,Brown Munde
81,Salena Bieber
82,Salena Bieber
83,Williams Obama
84,Williams Obama
85,Brown Munde
86,Jones Drake
87,Smith Jonas
88,Brown Munde
89,Jones Drake
90,Brown Munde
91,Brown Munde
92,Salena Bieber
93,Jones Drake
94,Amanda Minaj
95,Brown Munde
96,Brown Munde
97,Amanda Minaj
98,Salena Bieber
99,Salena Bieber
100,Jones Drake
101,Brown Munde
102,Brown Munde
103,Brown Munde
104,Williams Obama
105,Smith Jonas
106,Amanda Minaj
107,Brown Munde
108,Johnson Swift
109,Brown Munde
110,Johnson Swift
111,Brown Munde
112,Salena Bieber
113,Brown Munde
114,Salena Bieber
115,Salena Bieber
116,Smith Jonas
117,Jones Drake
118,Brown Munde
119,Johnson Swift
120,Salena Bieber
121,Brown Munde
122,Johnson Swift
123,Smith Jonas
124,Williams Obama
125,Johnson Swift
126,Williams Obama
127,Williams Obama
128,Johnson Swift
129,Salena Bieber
130,Smith Jonas
131,Williams Obama
132,Williams Obama
133,Amanda Minaj
134,Williams Obama
135,Williams Obama
136,Amanda Minaj
137,Johnson Swift
138,Williams Obama
139,Amanda Minaj
140,Jones Drake
141,Amanda Minaj
142,Amanda Minaj
143,Jones Drake
144,Smith Jonas
145,Jones Drake
146,Brown Munde
147,Johnson Swift
148,Jones Drake
149,Brown Munde
150,Jones Drake
151,Williams Obama
152,Salena Bieber
153,Brown Munde
154,Williams Obama
155,Williams Obama
156,Williams Obama
157,Smith Jonas
158,Smith Jonas
159,Williams Obama
160,Jones Drake
161,Brown Munde
162,Brown Munde
163,Salena Bieber
164,Williams Obama
165,Brown Munde
166,Brown Munde
167,Brown Munde
168,Jones Drake
169,Jones Drake
170,Williams Obama
171,Brown Munde
172,Jones Drake
173,Jones Drake
174,Jones Drake
175,Johnson Swift
176,Smith Jonas
177,Johnson Swift
178,Salena Bieber
179,Salena Bieber
180,Salena Bieber
181,Brown Munde
182,Salena Bieber
183,Salena Bieber
184,Johnson Swift
185,Johnson Swift
186,Brown Munde
187,Brown Munde
188,Johnson Swift
189,Johnson Swift
190,Williams Obama
191,Jones Drake
192,Brown Munde
193,Jones Drake
194,Amanda Minaj
195,Johnson Swift
196,Smith Jonas
197,Williams Obama
198,Williams Obama
199,Jones Drake
200,Williams Obama
201,Williams Obama
202,Brown Munde
203,Jones Drake
204,Williams Obama
205,Amanda Minaj
206,Smith Jonas
207,Jones Drake
208,Amanda Minaj
209,Jones Drake
210,Williams Obama
211,Amanda Minaj
212,Jones Drake
213,Johnson Swift
214,Brown Munde
215,Smith Jonas
216,Jones Drake
217,Brown Munde
218,Johnson Swift
219,Jones Drake
220,Amanda Minaj
221,Brown Munde
222,Smith Jonas
223,Johnson Swift
224,Johnson Swift
225,Jones Drake
226,Amanda Minaj
227,Salena Bieber
228,Johnson Swift
229,Salena Bieber
230,Amanda Minaj
231,Jones Drake
232,Salena Bieber
233,Brown Munde
234,Johnson Swift
235,Amanda Minaj
236,Amanda Minaj
237,Amanda Minaj
238,Brown Munde
239,Amanda Minaj
240,Johnson Swift
241,Jones Drake
242,Johnson Swift
243,Brown Munde
244,Salena Bieber
245,Smith Jonas
246,Smith Jonas
247,Brown Munde
248,Salena Bieber
249,Johnson Swift
250,Johnson Swift
